group,kind,submission_id,roc_auc,roc_auc_pval,roc_auc_ci_low,roc_auc_ci_high,average_precision,average_precision_pval,average_precision_ci_low,average_precision_ci_high,best_sensitivity,best_sensitivity_ci_low,best_sensitivity_ci_high,best_specificity,best_specificity_ci_low,best_specificity_ci_high,concordance_index,concordance_index_pval,concordance_index_ci_low,concordance_index_ci_high,integrated_brier_score,integrated_brier_score_pval,integrated_brier_score_ci_low,integrated_brier_score_ci_high
challenge,3,0,0.7303311775033388,9.999000099990002e-05,0.6786614096427125,0.7807213277111686,0.325446042272041,9.999000099990002e-05,0.2611666232010145,0.41812191846197677,0.49514563106796117,0.39805825242718446,0.5922330097087378,0.8160741885625966,0.7867078825347759,0.8454404945904173,0.7497287522603978,9.999000099990002e-05,0.7067624581107503,0.7901621292024739,0.053407186260064105,1.0,0.048875726632559235,0.058015536828284996
challenge,3,0,0.7658798637475429,9.999000099990002e-05,0.7139594994072719,0.8147990726429675,0.36278083459470223,9.999000099990002e-05,0.2944306578505053,0.45444560403253764,0.5533980582524272,0.4563106796116505,0.6504854368932039,0.8423493044822257,0.8145285935085008,0.8701700154559504,0.749436639310057,9.999000099990002e-05,0.7059092297090305,0.7914588034840081,0.0512475798627446,1.0,0.04681138559542123,0.055770072469899616
challenge,combined,ensemble,0.7627436563076784,9.999000099990002e-05,0.7125339505709699,0.8103592383067479,0.39148206295106763,9.999000099990002e-05,0.3163187464397692,0.4805956789754101,0.5145631067961165,0.4174757281553398,0.6116504854368932,0.8377125193199382,0.8083462132921174,0.865533230293663,0.7575740714981222,9.999000099990002e-05,0.7131157152430351,0.8000420377882901,0.04966419592232559,1.0,0.04547946194001516,0.05392102547742469
